datetime,strategy_returns
2024-07-01 09:15:00,
2024-07-01 09:20:00,0.0
2024-07-01 09:25:00,-0.0
2024-07-01 09:30:00,-0.0
2024-07-01 09:35:00,-0.0
2024-07-01 09:40:00,-0.0
2024-07-01 09:45:00,0.0
2024-07-01 09:50:00,-0.0
2024-07-01 09:55:00,0.0
2024-07-01 10:00:00,0.0
2024-07-01 10:05:00,-0.0
2024-07-01 10:10:00,0.0
2024-07-01 10:15:00,-0.0
2024-07-01 10:20:00,-0.0
2024-07-01 10:25:00,0.0
2024-07-01 10:30:00,-0.0
2024-07-01 10:35:00,0.0
2024-07-01 10:40:00,0.0
2024-07-01 10:45:00,-0.0
2024-07-01 10:50:00,-0.0
2024-07-01 10:55:00,-0.0
2024-07-01 11:00:00,0.0
2024-07-01 11:05:00,-0.0
2024-07-01 11:10:00,-0.0
2024-07-01 11:15:00,0.0
2024-07-01 11:20:00,-0.0
2024-07-01 11:25:00,0.0
2024-07-01 11:30:00,-0.0
2024-07-01 11:35:00,0.0
2024-07-01 11:40:00,-0.0
2024-07-01 11:45:00,-0.0002
2024-07-01 11:50:00,0.03345920063136452
2024-07-01 11:55:00,-0.0
2024-07-01 12:00:00,0.0
2024-07-01 12:05:00,-0.0
2024-07-01 12:10:00,-0.0
2024-07-01 12:15:00,0.0
2024-07-01 12:20:00,-0.0002
2024-07-01 12:25:00,-0.00100121874239103
2024-07-01 12:30:00,0.0
2024-07-01 12:35:00,-0.0002
2024-07-01 12:40:00,0.03915509435179485
2024-07-01 12:45:00,-0.0
2024-07-01 12:50:00,-0.0
2024-07-01 12:55:00,-0.0
2024-07-01 13:00:00,0.0
2024-07-01 13:05:00,-0.0
2024-07-01 13:10:00,-0.0002
2024-07-01 13:15:00,-0.0005413098406912287
2024-07-01 13:20:00,0.013132727247989506
2024-07-01 13:25:00,-0.0
2024-07-01 13:30:00,-0.0
2024-07-01 13:35:00,-0.0
2024-07-01 13:40:00,-0.0
2024-07-01 13:45:00,0.0
2024-07-01 13:50:00,-0.0
2024-07-01 13:55:00,-0.0
2024-07-01 14:00:00,0.0
2024-07-01 14:05:00,-0.0
2024-07-01 14:10:00,-0.0
2024-07-01 14:15:00,-0.0
2024-07-01 14:20:00,0.0
2024-07-01 14:25:00,-0.0
2024-07-01 14:30:00,-0.0
2024-07-01 14:35:00,0.0
2024-07-01 14:40:00,-0.0002
2024-07-01 14:45:00,0.013396927219257537
2024-07-01 14:50:00,0.0
2024-07-01 14:55:00,0.0
2024-07-01 15:00:00,-0.0
2024-07-01 15:05:00,-0.0002
2024-07-01 15:10:00,0.0037663342230740194
2024-07-01 15:15:00,0.0
2024-07-01 15:20:00,-0.0002
2024-07-01 15:25:00,0.04818911997749016
2024-07-02 09:15:00,0.007621493562019999
2024-07-02 09:20:00,-0.0002
2024-07-02 09:25:00,0.02003029683062938
2024-07-02 09:30:00,0.0
2024-07-02 09:35:00,-0.0002
2024-07-02 09:40:00,0.021431751508119025
2024-07-02 09:45:00,0.0
2024-07-02 09:50:00,0.0
2024-07-02 09:55:00,0.0
2024-07-02 10:00:00,-0.0
2024-07-02 10:05:00,-0.0
2024-07-02 10:10:00,0.0
2024-07-02 10:15:00,-0.0
2024-07-02 10:20:00,0.0
2024-07-02 10:25:00,-0.0
2024-07-02 10:30:00,0.0
2024-07-02 10:35:00,-0.0
2024-07-02 10:40:00,0.0
2024-07-02 10:45:00,-0.0002
2024-07-02 10:50:00,0.02181615283783154
2024-07-02 10:55:00,-0.0
2024-07-02 11:00:00,0.0
2024-07-02 11:05:00,-0.0002
2024-07-02 11:10:00,0.021058877758663976
2024-07-02 11:15:00,-0.0002
2024-07-02 11:20:00,0.04772420116817087
2024-07-02 11:25:00,-0.0
2024-07-02 11:30:00,-0.0
2024-07-02 11:35:00,0.0
2024-07-02 11:40:00,-0.0
2024-07-02 11:45:00,-0.0
2024-07-02 11:50:00,0.0
2024-07-02 11:55:00,0.0
2024-07-02 12:00:00,-0.0
2024-07-02 12:05:00,-0.0
2024-07-02 12:10:00,-0.0
2024-07-02 12:15:00,0.0
2024-07-02 12:20:00,0.0
2024-07-02 12:25:00,-0.0
2024-07-02 12:30:00,0.0
2024-07-02 12:35:00,-0.0
2024-07-02 12:40:00,-0.0
2024-07-02 12:45:00,-0.0002
2024-07-02 12:50:00,0.019776010563865222
2024-07-02 12:55:00,-0.0
2024-07-02 13:00:00,-0.0
2024-07-02 13:05:00,0.0
2024-07-02 13:10:00,0.0
2024-07-02 13:15:00,-0.0
2024-07-02 13:20:00,-0.0
2024-07-02 13:25:00,0.0
2024-07-02 13:30:00,0.0
2024-07-02 13:35:00,-0.0
2024-07-02 13:40:00,0.0
2024-07-02 13:45:00,-0.0002
2024-07-02 13:50:00,0.0122371391527065
2024-07-02 13:55:00,-0.0
2024-07-02 14:00:00,0.0
2024-07-02 14:05:00,-0.0
2024-07-02 14:10:00,-0.0
2024-07-02 14:15:00,-0.0
2024-07-02 14:20:00,0.0
2024-07-02 14:25:00,0.0
2024-07-02 14:30:00,-0.0
2024-07-02 14:35:00,-0.0002
2024-07-02 14:40:00,0.015101330073210439
2024-07-02 14:45:00,-0.0
2024-07-02 14:50:00,-0.0
2024-07-02 14:55:00,-0.0
2024-07-02 15:00:00,0.0
2024-07-02 15:05:00,-0.0002
2024-07-02 15:10:00,0.034590111209916265
2024-07-02 15:15:00,-0.0
2024-07-02 15:20:00,0.0
2024-07-02 15:25:00,0.0
2024-07-03 09:15:00,-0.0
2024-07-03 09:20:00,-0.0
2024-07-03 09:25:00,-0.0002
2024-07-03 09:30:00,-0.014748503264645163
2024-07-03 09:35:00,-0.009380014366037415
2024-07-03 09:40:00,0.039985659984671275
2024-07-03 09:45:00,-0.0
2024-07-03 09:50:00,0.0
2024-07-03 09:55:00,-0.0
2024-07-03 10:00:00,0.0
2024-07-03 10:05:00,0.0
2024-07-03 10:10:00,-0.0
2024-07-03 10:15:00,0.0
2024-07-03 10:20:00,-0.0
2024-07-03 10:25:00,-0.0
2024-07-03 10:30:00,0.0
2024-07-03 10:35:00,-0.0
2024-07-03 10:40:00,-0.0
2024-07-03 10:45:00,0.0
2024-07-03 10:50:00,-0.0002
2024-07-03 10:55:00,0.026926872935722358
2024-07-03 11:00:00,0.0
2024-07-03 11:05:00,-0.0
2024-07-03 11:10:00,-0.0
2024-07-03 11:15:00,0.0
2024-07-03 11:20:00,-0.0002
2024-07-03 11:25:00,0.0005148088147719278
2024-07-03 11:30:00,0.0
2024-07-03 11:35:00,-0.0
2024-07-03 11:40:00,-0.0
2024-07-03 11:45:00,-0.0
2024-07-03 11:50:00,0.0
2024-07-03 11:55:00,-0.0
2024-07-03 12:00:00,0.0
2024-07-03 12:05:00,0.0
2024-07-03 12:10:00,-0.0
2024-07-03 12:15:00,0.0
2024-07-03 12:20:00,-0.0
2024-07-03 12:25:00,0.0
2024-07-03 12:30:00,-0.0002
2024-07-03 12:35:00,0.03997866331475184
2024-07-03 12:40:00,-0.0
2024-07-03 12:45:00,0.0
2024-07-03 12:50:00,0.0
2024-07-03 12:55:00,0.0
2024-07-03 13:00:00,-0.0002
2024-07-03 13:05:00,0.028200517405476
2024-07-03 13:10:00,-0.0
2024-07-03 13:15:00,-0.0
2024-07-03 13:20:00,-0.0002
2024-07-03 13:25:00,0.0323416356931898
2024-07-03 13:30:00,0.0
2024-07-03 13:35:00,0.0
2024-07-03 13:40:00,-0.0
2024-07-03 13:45:00,-0.0
2024-07-03 13:50:00,0.0
2024-07-03 13:55:00,-0.0
2024-07-03 14:00:00,0.0
2024-07-03 14:05:00,0.0
2024-07-03 14:10:00,0.0
2024-07-03 14:15:00,-0.0
2024-07-03 14:20:00,0.0
2024-07-03 14:25:00,-0.0002
2024-07-03 14:30:00,0.0037289419703856242
2024-07-03 14:35:00,0.0
2024-07-03 14:40:00,-0.0
2024-07-03 14:45:00,0.0
2024-07-03 14:50:00,-0.0
2024-07-03 14:55:00,-0.0002
2024-07-03 15:00:00,0.018916950371333098
2024-07-03 15:05:00,-0.0002
2024-07-03 15:10:00,0.03290643097265598
2024-07-03 15:15:00,0.0
2024-07-03 15:20:00,-0.0002
2024-07-03 15:25:00,0.013072009533351614
2024-07-04 09:15:00,-0.0002
2024-07-04 09:20:00,0.013262983148926133
2024-07-04 09:25:00,-0.0002
2024-07-04 09:30:00,0.02467098230558438
2024-07-04 09:35:00,-0.0
2024-07-04 09:40:00,0.0
2024-07-04 09:45:00,0.0
2024-07-04 09:50:00,0.0
2024-07-04 09:55:00,-0.0
2024-07-04 10:00:00,0.0
2024-07-04 10:05:00,0.0
2024-07-04 10:10:00,-0.0
2024-07-04 10:15:00,-0.0
2024-07-04 10:20:00,0.0
2024-07-04 10:25:00,-0.0
2024-07-04 10:30:00,0.0
2024-07-04 10:35:00,-0.0002
2024-07-04 10:40:00,0.050467699082532326
2024-07-04 10:45:00,0.0
2024-07-04 10:50:00,-0.0
2024-07-04 10:55:00,-0.0
2024-07-04 11:00:00,-0.0
2024-07-04 11:05:00,-0.0002
2024-07-04 11:10:00,0.0199400911792744
2024-07-04 11:15:00,0.0
2024-07-04 11:20:00,0.0
2024-07-04 11:25:00,-0.0
2024-07-04 11:30:00,0.0
2024-07-04 11:35:00,-0.0
2024-07-04 11:40:00,0.0
2024-07-04 11:45:00,-0.0
2024-07-04 11:50:00,-0.0002
2024-07-04 11:55:00,0.03248133407956908
2024-07-04 12:00:00,0.0
2024-07-04 12:05:00,-0.0002
2024-07-04 12:10:00,0.038898673223364245
2024-07-04 12:15:00,0.0
2024-07-04 12:20:00,-0.0
2024-07-04 12:25:00,-0.0
2024-07-04 12:30:00,0.0
2024-07-04 12:35:00,0.0
2024-07-04 12:40:00,-0.0
2024-07-04 12:45:00,-0.0
2024-07-04 12:50:00,0.0
2024-07-04 12:55:00,-0.0
2024-07-04 13:00:00,0.0
2024-07-04 13:05:00,-0.0
2024-07-04 13:10:00,-0.0
2024-07-04 13:15:00,-0.0
2024-07-04 13:20:00,-0.0002
2024-07-04 13:25:00,0.02450547082045327
2024-07-04 13:30:00,-0.0
2024-07-04 13:35:00,0.0
2024-07-04 13:40:00,-0.0
2024-07-04 13:45:00,-0.0002
2024-07-04 13:50:00,0.00724510540366774
2024-07-04 13:55:00,0.030626184660914803
2024-07-04 14:00:00,-0.0
2024-07-04 14:05:00,0.0
2024-07-04 14:10:00,-0.0
2024-07-04 14:15:00,-0.0
2024-07-04 14:20:00,-0.0
2024-07-04 14:25:00,0.0
2024-07-04 14:30:00,0.0
2024-07-04 14:35:00,-0.0
2024-07-04 14:40:00,-0.0
2024-07-04 14:45:00,-0.0002
2024-07-04 14:50:00,0.025273078840345665
2024-07-04 14:55:00,-0.0
2024-07-04 15:00:00,0.0
2024-07-04 15:05:00,-0.0
2024-07-04 15:10:00,-0.0
2024-07-04 15:15:00,0.0
2024-07-04 15:20:00,0.0
2024-07-04 15:25:00,0.0
2024-07-05 09:15:00,-0.0
2024-07-05 09:20:00,-0.0002
2024-07-05 09:25:00,-0.013777147702246584
2024-07-05 09:30:00,0.0074608752167421915
2024-07-05 09:35:00,0.0
2024-07-05 09:40:00,0.0
2024-07-05 09:45:00,-0.0
2024-07-05 09:50:00,0.0
2024-07-05 09:55:00,0.0
2024-07-05 10:00:00,0.0
2024-07-05 10:05:00,-0.0002
2024-07-05 10:10:00,0.04383450529204178
2024-07-05 10:15:00,0.0
2024-07-05 10:20:00,0.0
2024-07-05 10:25:00,0.0
2024-07-05 10:30:00,-0.0
2024-07-05 10:35:00,-0.0
2024-07-05 10:40:00,0.0
2024-07-05 10:45:00,-0.0
2024-07-05 10:50:00,0.0
2024-07-05 10:55:00,-0.0
2024-07-05 11:00:00,0.0
2024-07-05 11:05:00,0.0
2024-07-05 11:10:00,-0.0002
2024-07-05 11:15:00,0.026694695931090286
2024-07-05 11:20:00,0.0
2024-07-05 11:25:00,-0.0
2024-07-05 11:30:00,-0.0
2024-07-05 11:35:00,0.0
2024-07-05 11:40:00,-0.0
2024-07-05 11:45:00,0.0
2024-07-05 11:50:00,-0.0
2024-07-05 11:55:00,0.0
2024-07-05 12:00:00,-0.0
2024-07-05 12:05:00,-0.0
2024-07-05 12:10:00,-0.0
2024-07-05 12:15:00,-0.0002
2024-07-05 12:20:00,0.024128162048080305
2024-07-05 12:25:00,-0.0
2024-07-05 12:30:00,0.0
2024-07-05 12:35:00,-0.0
2024-07-05 12:40:00,-0.0
2024-07-05 12:45:00,0.0
2024-07-05 12:50:00,0.0
2024-07-05 12:55:00,0.0
2024-07-05 13:00:00,0.0
2024-07-05 13:05:00,-0.0
2024-07-05 13:10:00,-0.0
2024-07-05 13:15:00,-0.0002
2024-07-05 13:20:00,0.02909118555025867
2024-07-05 13:25:00,0.0
2024-07-05 13:30:00,-0.0
2024-07-05 13:35:00,0.0
2024-07-05 13:40:00,-0.0002
2024-07-05 13:45:00,0.041815797693915836
2024-07-05 13:50:00,0.0
2024-07-05 13:55:00,0.0
2024-07-05 14:00:00,-0.0
2024-07-05 14:05:00,-0.0
2024-07-05 14:10:00,0.0
2024-07-05 14:15:00,-0.0
2024-07-05 14:20:00,-0.0002
2024-07-05 14:25:00,0.031100051777881645
2024-07-05 14:30:00,-0.0002
2024-07-05 14:35:00,0.003763717069918493
2024-07-05 14:40:00,-0.0
2024-07-05 14:45:00,0.0
2024-07-05 14:50:00,0.0
2024-07-05 14:55:00,-0.0
2024-07-05 15:00:00,0.0
2024-07-05 15:05:00,0.0
2024-07-05 15:10:00,0.0
2024-07-05 15:15:00,-0.0
2024-07-05 15:20:00,0.0
2024-07-05 15:25:00,-0.0
2024-07-08 09:15:00,-0.0002
2024-07-08 09:20:00,-0.0002751104961096207
2024-07-08 09:25:00,0.015937211188737567
2024-07-08 09:30:00,0.0
2024-07-08 09:35:00,-0.0002
2024-07-08 09:40:00,0.030937668388014795
2024-07-08 09:45:00,0.0
2024-07-08 09:50:00,-0.0
2024-07-08 09:55:00,0.0
2024-07-08 10:00:00,0.0
2024-07-08 10:05:00,-0.0
2024-07-08 10:10:00,0.0
2024-07-08 10:15:00,-0.0
2024-07-08 10:20:00,-0.0002
2024-07-08 10:25:00,-0.00469636179863997
2024-07-08 10:30:00,0.027529714290019915
2024-07-08 10:35:00,-0.0
2024-07-08 10:40:00,0.0
2024-07-08 10:45:00,-0.0
2024-07-08 10:50:00,-0.0002
2024-07-08 10:55:00,-0.010489325469278499
2024-07-08 11:00:00,0.049853264307861724
2024-07-08 11:05:00,0.0
2024-07-08 11:10:00,-0.0
2024-07-08 11:15:00,0.0
2024-07-08 11:20:00,-0.0
2024-07-08 11:25:00,0.0
2024-07-08 11:30:00,-0.0
2024-07-08 11:35:00,0.0
2024-07-08 11:40:00,-0.0
2024-07-08 11:45:00,0.0
2024-07-08 11:50:00,0.0
2024-07-08 11:55:00,-0.0
2024-07-08 12:00:00,0.0
2024-07-08 12:05:00,0.0
2024-07-08 12:10:00,-0.0
2024-07-08 12:15:00,-0.0002
2024-07-08 12:20:00,0.033034347145134625
2024-07-08 12:25:00,-0.0
2024-07-08 12:30:00,0.0
2024-07-08 12:35:00,-0.0002
2024-07-08 12:40:00,0.013244708073712119
2024-07-08 12:45:00,0.0
2024-07-08 12:50:00,0.0
2024-07-08 12:55:00,0.0
2024-07-08 13:00:00,-0.0
2024-07-08 13:05:00,-0.0
2024-07-08 13:10:00,-0.0002
2024-07-08 13:15:00,0.016662589227635506
2024-07-08 13:20:00,-0.0
2024-07-08 13:25:00,0.0
2024-07-08 13:30:00,-0.0
2024-07-08 13:35:00,0.0
2024-07-08 13:40:00,-0.0002
2024-07-08 13:45:00,0.01869897362959281
2024-07-08 13:50:00,-0.0
2024-07-08 13:55:00,0.0
2024-07-08 14:00:00,0.0
2024-07-08 14:05:00,-0.0
2024-07-08 14:10:00,0.0
2024-07-08 14:15:00,-0.0
2024-07-08 14:20:00,0.0
2024-07-08 14:25:00,-0.0002
2024-07-08 14:30:00,0.029478642326344874
2024-07-08 14:35:00,0.0
2024-07-08 14:40:00,-0.0
2024-07-08 14:45:00,0.0
2024-07-08 14:50:00,0.0
2024-07-08 14:55:00,-0.0002
2024-07-08 15:00:00,0.026531188745246383
2024-07-08 15:05:00,0.0
2024-07-08 15:10:00,0.0
2024-07-08 15:15:00,-0.0
2024-07-08 15:20:00,-0.0
2024-07-08 15:25:00,0.0
2024-07-09 09:15:00,-0.0002
2024-07-09 09:20:00,-0.014374912278480978
2024-07-09 09:25:00,-0.023839354320879358
2024-07-09 09:30:00,0.0596063600100307
2024-07-09 09:35:00,-0.0
2024-07-09 09:40:00,0.0
2024-07-09 09:45:00,0.0
2024-07-09 09:50:00,0.0
2024-07-09 09:55:00,-0.0
2024-07-09 10:00:00,-0.0
2024-07-09 10:05:00,0.0
2024-07-09 10:10:00,0.0
2024-07-09 10:15:00,-0.0
2024-07-09 10:20:00,0.0
2024-07-09 10:25:00,-0.0
2024-07-09 10:30:00,0.0
2024-07-09 10:35:00,0.0
2024-07-09 10:40:00,-0.0
2024-07-09 10:45:00,-0.0
2024-07-09 10:50:00,0.0
2024-07-09 10:55:00,-0.0
2024-07-09 11:00:00,0.0
2024-07-09 11:05:00,-0.0
2024-07-09 11:10:00,0.0
2024-07-09 11:15:00,0.0
2024-07-09 11:20:00,0.0
2024-07-09 11:25:00,-0.0
2024-07-09 11:30:00,-0.0
2024-07-09 11:35:00,0.0
2024-07-09 11:40:00,-0.0002
2024-07-09 11:45:00,0.052583844558921025
2024-07-09 11:50:00,0.027387096554472003
2024-07-09 11:55:00,0.0
2024-07-09 12:00:00,-0.0002
2024-07-09 12:05:00,-0.011405733903620763
2024-07-09 12:10:00,0.029379257227360324
2024-07-09 12:15:00,0.0
2024-07-09 12:20:00,-0.0
2024-07-09 12:25:00,0.0
2024-07-09 12:30:00,-0.0
2024-07-09 12:35:00,0.0
2024-07-09 12:40:00,-0.0
2024-07-09 12:45:00,-0.0002
2024-07-09 12:50:00,0.03879412047928563
2024-07-09 12:55:00,0.0
2024-07-09 13:00:00,0.0
2024-07-09 13:05:00,-0.0
2024-07-09 13:10:00,-0.0
2024-07-09 13:15:00,0.0
2024-07-09 13:20:00,0.0
2024-07-09 13:25:00,-0.0002
2024-07-09 13:30:00,0.03677415234715884
2024-07-09 13:35:00,-0.0
2024-07-09 13:40:00,0.0
2024-07-09 13:45:00,0.0
2024-07-09 13:50:00,-0.0002
2024-07-09 13:55:00,0.031405794112821274
2024-07-09 14:00:00,-0.0
2024-07-09 14:05:00,0.0
2024-07-09 14:10:00,-0.0
2024-07-09 14:15:00,0.0
2024-07-09 14:20:00,0.0
2024-07-09 14:25:00,0.0
2024-07-09 14:30:00,-0.0
2024-07-09 14:35:00,0.0
2024-07-09 14:40:00,-0.0
2024-07-09 14:45:00,0.0
2024-07-09 14:50:00,-0.0
2024-07-09 14:55:00,0.0
2024-07-09 15:00:00,-0.0
2024-07-09 15:05:00,0.0
2024-07-09 15:10:00,-0.0
2024-07-09 15:15:00,0.0
2024-07-09 15:20:00,-0.0
2024-07-09 15:25:00,0.0
2024-07-10 09:15:00,-0.0
2024-07-10 09:20:00,0.0
2024-07-10 09:25:00,-0.0
2024-07-10 09:30:00,0.0
2024-07-10 09:35:00,-0.0
2024-07-10 09:40:00,0.0
2024-07-10 09:45:00,-0.0002
2024-07-10 09:50:00,0.018719181509104323
2024-07-10 09:55:00,0.0
2024-07-10 10:00:00,-0.0
2024-07-10 10:05:00,-0.0
2024-07-10 10:10:00,-0.0002
2024-07-10 10:15:00,-0.0033873880273276313
2024-07-10 10:20:00,0.035735465579342686
2024-07-10 10:25:00,0.0
2024-07-10 10:30:00,-0.0
2024-07-10 10:35:00,0.0
2024-07-10 10:40:00,-0.0
2024-07-10 10:45:00,0.0
2024-07-10 10:50:00,-0.0
2024-07-10 10:55:00,0.0
2024-07-10 11:00:00,-0.0
2024-07-10 11:05:00,-0.0
2024-07-10 11:10:00,0.0
2024-07-10 11:15:00,-0.0
2024-07-10 11:20:00,-0.0002
2024-07-10 11:25:00,0.04716739762492048
2024-07-10 11:30:00,-0.0
2024-07-10 11:35:00,-0.0
2024-07-10 11:40:00,0.0
2024-07-10 11:45:00,-0.0
2024-07-10 11:50:00,-0.0
2024-07-10 11:55:00,-0.0
2024-07-10 12:00:00,0.0
2024-07-10 12:05:00,-0.0002
2024-07-10 12:10:00,0.04133317129016698
2024-07-10 12:15:00,-0.0
2024-07-10 12:20:00,0.0
2024-07-10 12:25:00,-0.0
2024-07-10 12:30:00,0.0
2024-07-10 12:35:00,0.0
2024-07-10 12:40:00,-0.0
2024-07-10 12:45:00,0.0
2024-07-10 12:50:00,-0.0
2024-07-10 12:55:00,0.0
2024-07-10 13:00:00,0.0
2024-07-10 13:05:00,-0.0
2024-07-10 13:10:00,-0.0
2024-07-10 13:15:00,-0.0
2024-07-10 13:20:00,-0.0002
2024-07-10 13:25:00,0.026858850441995076
2024-07-10 13:30:00,-0.0
2024-07-10 13:35:00,0.0
2024-07-10 13:40:00,-0.0002
2024-07-10 13:45:00,0.01780895836351857
2024-07-10 13:50:00,-0.0
2024-07-10 13:55:00,0.0
2024-07-10 14:00:00,-0.0
2024-07-10 14:05:00,0.0
2024-07-10 14:10:00,-0.0
2024-07-10 14:15:00,0.0
2024-07-10 14:20:00,0.0
2024-07-10 14:25:00,0.0
2024-07-10 14:30:00,0.0
2024-07-10 14:35:00,-0.0
2024-07-10 14:40:00,0.0
2024-07-10 14:45:00,-0.0
2024-07-10 14:50:00,-0.0002
2024-07-10 14:55:00,0.03985239987775555
2024-07-10 15:00:00,-0.0
2024-07-10 15:05:00,0.0
2024-07-10 15:10:00,-0.0
2024-07-10 15:15:00,0.0
2024-07-10 15:20:00,-0.0
2024-07-10 15:25:00,-0.0
2024-07-11 09:15:00,0.0
2024-07-11 09:20:00,0.0
2024-07-11 09:25:00,-0.0
2024-07-11 09:30:00,0.0
2024-07-11 09:35:00,-0.0
2024-07-11 09:40:00,0.0
2024-07-11 09:45:00,-0.0
2024-07-11 09:50:00,-0.0
2024-07-11 09:55:00,0.0
2024-07-11 10:00:00,-0.0
2024-07-11 10:05:00,-0.0
2024-07-11 10:10:00,0.0
2024-07-11 10:15:00,-0.0002
2024-07-11 10:20:00,0.029199540083130616
2024-07-11 10:25:00,-0.0
2024-07-11 10:30:00,-0.0002
2024-07-11 10:35:00,-0.0092548090797413
2024-07-11 10:40:00,0.03807808585042503
2024-07-11 10:45:00,0.0
2024-07-11 10:50:00,0.0
2024-07-11 10:55:00,0.0
2024-07-11 11:00:00,-0.0
2024-07-11 11:05:00,0.0
2024-07-11 11:10:00,-0.0
2024-07-11 11:15:00,-0.0
2024-07-11 11:20:00,-0.0
2024-07-11 11:25:00,0.0
2024-07-11 11:30:00,0.0
2024-07-11 11:35:00,-0.0
2024-07-11 11:40:00,-0.0
2024-07-11 11:45:00,-0.0
2024-07-11 11:50:00,-0.0002
2024-07-11 11:55:00,0.020623153248207494
2024-07-11 12:00:00,0.0
2024-07-11 12:05:00,0.0
2024-07-11 12:10:00,-0.0002
2024-07-11 12:15:00,0.018914740312263346
2024-07-11 12:20:00,-0.0
2024-07-11 12:25:00,0.0
2024-07-11 12:30:00,-0.0
2024-07-11 12:35:00,0.0
2024-07-11 12:40:00,0.0
2024-07-11 12:45:00,-0.0002
2024-07-11 12:50:00,0.043107304465646236
2024-07-11 12:55:00,-0.0
2024-07-11 13:00:00,0.0
2024-07-11 13:05:00,-0.0
2024-07-11 13:10:00,0.0
2024-07-11 13:15:00,0.0
2024-07-11 13:20:00,-0.0
2024-07-11 13:25:00,0.0
2024-07-11 13:30:00,-0.0
2024-07-11 13:35:00,0.0
2024-07-11 13:40:00,0.0
2024-07-11 13:45:00,-0.0
2024-07-11 13:50:00,-0.0
2024-07-11 13:55:00,-0.0002
2024-07-11 14:00:00,0.037224583334819684
2024-07-11 14:05:00,-0.0
2024-07-11 14:10:00,0.0
2024-07-11 14:15:00,-0.0
2024-07-11 14:20:00,0.0
2024-07-11 14:25:00,-0.0002
2024-07-11 14:30:00,0.0852504298669083
2024-07-11 14:35:00,0.0049092856772446685
2024-07-11 14:40:00,-0.0
2024-07-11 14:45:00,-0.0
2024-07-11 14:50:00,-0.0
2024-07-11 14:55:00,0.0
2024-07-11 15:00:00,0.0
2024-07-11 15:05:00,-0.0
2024-07-11 15:10:00,-0.0
2024-07-11 15:15:00,0.0
2024-07-11 15:20:00,-0.0
2024-07-11 15:25:00,-0.0
2024-07-12 09:15:00,-0.0
2024-07-12 09:20:00,0.0
2024-07-12 09:25:00,0.0
2024-07-12 09:30:00,-0.0
2024-07-12 09:35:00,-0.0
2024-07-12 09:40:00,-0.0002
2024-07-12 09:45:00,0.04581026681042586
2024-07-12 09:50:00,-0.0
2024-07-12 09:55:00,0.0
2024-07-12 10:00:00,0.0
2024-07-12 10:05:00,-0.0
2024-07-12 10:10:00,-0.0
2024-07-12 10:15:00,0.0
2024-07-12 10:20:00,-0.0
2024-07-12 10:25:00,0.0
2024-07-12 10:30:00,0.0
2024-07-12 10:35:00,-0.0
2024-07-12 10:40:00,-0.0
2024-07-12 10:45:00,-0.0
2024-07-12 10:50:00,0.0
2024-07-12 10:55:00,-0.0
2024-07-12 11:00:00,-0.0002
2024-07-12 11:05:00,0.053573883563559944
2024-07-12 11:10:00,-0.0
2024-07-12 11:15:00,-0.0
2024-07-12 11:20:00,0.0
2024-07-12 11:25:00,0.0
2024-07-12 11:30:00,-0.0
2024-07-12 11:35:00,0.0
2024-07-12 11:40:00,-0.0
2024-07-12 11:45:00,-0.0002
2024-07-12 11:50:00,0.006299377733333978
2024-07-12 11:55:00,0.0
2024-07-12 12:00:00,0.0
2024-07-12 12:05:00,-0.0
2024-07-12 12:10:00,0.0
2024-07-12 12:15:00,-0.0
2024-07-12 12:20:00,-0.0002
2024-07-12 12:25:00,0.035605062487688445
2024-07-12 12:30:00,0.0
2024-07-12 12:35:00,0.0
2024-07-12 12:40:00,-0.0
2024-07-12 12:45:00,-0.0
2024-07-12 12:50:00,-0.0
2024-07-12 12:55:00,-0.0
2024-07-12 13:00:00,0.0
2024-07-12 13:05:00,-0.0
2024-07-12 13:10:00,-0.0
2024-07-12 13:15:00,-0.0
2024-07-12 13:20:00,0.0
2024-07-12 13:25:00,-0.0
2024-07-12 13:30:00,-0.0002
2024-07-12 13:35:00,0.026802234645229663
2024-07-12 13:40:00,-0.0002
2024-07-12 13:45:00,0.022231311493011364
2024-07-12 13:50:00,-0.0002
2024-07-12 13:55:00,0.04166270593850816
2024-07-12 14:00:00,-0.0
2024-07-12 14:05:00,0.0
2024-07-12 14:10:00,0.0
2024-07-12 14:15:00,-0.0
2024-07-12 14:20:00,-0.0
2024-07-12 14:25:00,0.0
2024-07-12 14:30:00,-0.0002
2024-07-12 14:35:00,0.021184526311920783
2024-07-12 14:40:00,-0.0
2024-07-12 14:45:00,0.0
2024-07-12 14:50:00,0.0
2024-07-12 14:55:00,-0.0
2024-07-12 15:00:00,0.0
2024-07-12 15:05:00,0.0
2024-07-12 15:10:00,0.0
2024-07-12 15:15:00,-0.0
2024-07-12 15:20:00,0.0
2024-07-12 15:25:00,-0.0
2024-07-15 09:15:00,-0.0
2024-07-15 09:20:00,-0.0002
2024-07-15 09:25:00,0.046920561259933914
2024-07-15 09:30:00,-0.0
2024-07-15 09:35:00,-0.0
2024-07-15 09:40:00,0.0
2024-07-15 09:45:00,0.0
2024-07-15 09:50:00,-0.0
2024-07-15 09:55:00,0.0
2024-07-15 10:00:00,-0.0
2024-07-15 10:05:00,0.0
2024-07-15 10:10:00,0.0
2024-07-15 10:15:00,-0.0
2024-07-15 10:20:00,0.0
2024-07-15 10:25:00,-0.0
2024-07-15 10:30:00,-0.0
2024-07-15 10:35:00,-0.0
2024-07-15 10:40:00,-0.0
2024-07-15 10:45:00,0.0
2024-07-15 10:50:00,-0.0
2024-07-15 10:55:00,-0.0
2024-07-15 11:00:00,-0.0002
2024-07-15 11:05:00,0.04356047311834763
2024-07-15 11:10:00,-0.0
2024-07-15 11:15:00,0.0
2024-07-15 11:20:00,-0.0
2024-07-15 11:25:00,0.0
2024-07-15 11:30:00,-0.0
2024-07-15 11:35:00,-0.0
2024-07-15 11:40:00,0.0
2024-07-15 11:45:00,-0.0002
2024-07-15 11:50:00,0.014618860293583036
2024-07-15 11:55:00,0.0
2024-07-15 12:00:00,-0.0002
2024-07-15 12:05:00,0.038750424182232714
2024-07-15 12:10:00,-0.0
2024-07-15 12:15:00,-0.0
2024-07-15 12:20:00,0.0
2024-07-15 12:25:00,0.0
2024-07-15 12:30:00,-0.0
2024-07-15 12:35:00,0.0
2024-07-15 12:40:00,-0.0
2024-07-15 12:45:00,-0.0
2024-07-15 12:50:00,0.0
2024-07-15 12:55:00,0.0
2024-07-15 13:00:00,-0.0
2024-07-15 13:05:00,-0.0
2024-07-15 13:10:00,-0.0
2024-07-15 13:15:00,0.0
2024-07-15 13:20:00,-0.0
2024-07-15 13:25:00,-0.0002
2024-07-15 13:30:00,0.024500065850514653
2024-07-15 13:35:00,-0.0002
2024-07-15 13:40:00,0.035561246273299686
2024-07-15 13:45:00,-0.0
2024-07-15 13:50:00,0.0
2024-07-15 13:55:00,-0.0
2024-07-15 14:00:00,-0.0002
2024-07-15 14:05:00,0.001651885068987058
2024-07-15 14:10:00,0.008339321297179158
2024-07-15 14:15:00,0.0
2024-07-15 14:20:00,-0.0
2024-07-15 14:25:00,-0.0
2024-07-15 14:30:00,0.0
2024-07-15 14:35:00,-0.0
2024-07-15 14:40:00,0.0
2024-07-15 14:45:00,0.0
2024-07-15 14:50:00,-0.0
2024-07-15 14:55:00,0.0
2024-07-15 15:00:00,-0.0
2024-07-15 15:05:00,-0.0
2024-07-15 15:10:00,0.0
2024-07-15 15:15:00,-0.0
2024-07-15 15:20:00,-0.0
2024-07-15 15:25:00,0.0
2024-07-16 09:15:00,-0.0002
2024-07-16 09:20:00,-0.03225046884782601
2024-07-16 09:25:00,0.009329307669844744
2024-07-16 09:30:00,0.006518363307349229
2024-07-16 09:35:00,-0.008281849269197172
2024-07-16 09:40:00,0.013340301979196533
2024-07-16 09:45:00,-0.0
2024-07-16 09:50:00,0.0
2024-07-16 09:55:00,0.0
2024-07-16 10:00:00,-0.0
2024-07-16 10:05:00,-0.0002
2024-07-16 10:10:00,0.04034018409375948
2024-07-16 10:15:00,0.0
2024-07-16 10:20:00,-0.0
2024-07-16 10:25:00,0.0
2024-07-16 10:30:00,-0.0
2024-07-16 10:35:00,-0.0
2024-07-16 10:40:00,0.0
2024-07-16 10:45:00,0.0
2024-07-16 10:50:00,-0.0
2024-07-16 10:55:00,0.0
2024-07-16 11:00:00,-0.0
2024-07-16 11:05:00,0.0
2024-07-16 11:10:00,-0.0
2024-07-16 11:15:00,-0.0
2024-07-16 11:20:00,-0.0
2024-07-16 11:25:00,-0.0002
2024-07-16 11:30:00,-0.002354113354539722
2024-07-16 11:35:00,0.021440149223163264
2024-07-16 11:40:00,0.0
2024-07-16 11:45:00,-0.0
2024-07-16 11:50:00,-0.0002
2024-07-16 11:55:00,0.03603820572156711
2024-07-16 12:00:00,-0.0
2024-07-16 12:05:00,0.0
2024-07-16 12:10:00,-0.0
2024-07-16 12:15:00,-0.0
2024-07-16 12:20:00,-0.0002
2024-07-16 12:25:00,0.02642417910625492
2024-07-16 12:30:00,0.0
2024-07-16 12:35:00,-0.0002
2024-07-16 12:40:00,0.044099081759304194
2024-07-16 12:45:00,-0.0
2024-07-16 12:50:00,-0.0002
2024-07-16 12:55:00,0.03282002503556656
2024-07-16 13:00:00,-0.0
2024-07-16 13:05:00,-0.0
2024-07-16 13:10:00,-0.0
2024-07-16 13:15:00,0.0
2024-07-16 13:20:00,-0.0
2024-07-16 13:25:00,0.0
2024-07-16 13:30:00,0.0
2024-07-16 13:35:00,0.0
2024-07-16 13:40:00,0.0
2024-07-16 13:45:00,-0.0
2024-07-16 13:50:00,0.0
2024-07-16 13:55:00,-0.0
2024-07-16 14:00:00,0.0
2024-07-16 14:05:00,0.0
2024-07-16 14:10:00,0.0
2024-07-16 14:15:00,-0.0002
2024-07-16 14:20:00,-0.0029846923833536376
2024-07-16 14:25:00,0.017818529078433933
2024-07-16 14:30:00,-0.0002
2024-07-16 14:35:00,0.03448094852392965
2024-07-16 14:40:00,0.007692526103628228
2024-07-16 14:45:00,0.0
2024-07-16 14:50:00,0.0
2024-07-16 14:55:00,0.0
2024-07-16 15:00:00,-0.0
2024-07-16 15:05:00,-0.0
2024-07-16 15:10:00,-0.0002
2024-07-16 15:15:00,0.004479314121072497
2024-07-16 15:20:00,0.03600958575128706
2024-07-16 15:25:00,0.01756386934339036
2024-07-17 09:15:00,-0.0002
2024-07-17 09:20:00,0.00046443754948244376
2024-07-17 09:25:00,0.0018819923656598903
2024-07-17 09:30:00,0.0059441470159764314
2024-07-17 09:35:00,-0.0
2024-07-17 09:40:00,-0.0
2024-07-17 09:45:00,0.0
2024-07-17 09:50:00,-0.0002
2024-07-17 09:55:00,0.02981742833724297
2024-07-17 10:00:00,-0.0
2024-07-17 10:05:00,-0.0
2024-07-17 10:10:00,0.0
2024-07-17 10:15:00,0.0
2024-07-17 10:20:00,0.0
2024-07-17 10:25:00,0.0
2024-07-17 10:30:00,-0.0
2024-07-17 10:35:00,0.0
2024-07-17 10:40:00,-0.0
2024-07-17 10:45:00,-0.0
2024-07-17 10:50:00,-0.0002
2024-07-17 10:55:00,0.003770875583628075
2024-07-17 11:00:00,-0.0
2024-07-17 11:05:00,-0.0002
2024-07-17 11:10:00,0.034082744028049984
2024-07-17 11:15:00,-0.0
2024-07-17 11:20:00,-0.0
2024-07-17 11:25:00,-0.0
2024-07-17 11:30:00,0.0
2024-07-17 11:35:00,-0.0
2024-07-17 11:40:00,0.0
2024-07-17 11:45:00,-0.0
2024-07-17 11:50:00,0.0
2024-07-17 11:55:00,-0.0
2024-07-17 12:00:00,-0.0
2024-07-17 12:05:00,-0.0
2024-07-17 12:10:00,0.0
2024-07-17 12:15:00,-0.0
2024-07-17 12:20:00,0.0
2024-07-17 12:25:00,-0.0
2024-07-17 12:30:00,0.0
2024-07-17 12:35:00,0.0
2024-07-17 12:40:00,-0.0
2024-07-17 12:45:00,0.0
2024-07-17 12:50:00,-0.0
2024-07-17 12:55:00,-0.0
2024-07-17 13:00:00,-0.0
2024-07-17 13:05:00,-0.0002
2024-07-17 13:10:00,0.010369934689014792
2024-07-17 13:15:00,-0.0
2024-07-17 13:20:00,-0.0002
2024-07-17 13:25:00,0.005934396014370936
2024-07-17 13:30:00,0.0
2024-07-17 13:35:00,-0.0
2024-07-17 13:40:00,-0.0
2024-07-17 13:45:00,-0.0
2024-07-17 13:50:00,-0.0
2024-07-17 13:55:00,0.0
2024-07-17 14:00:00,0.0
2024-07-17 14:05:00,-0.0
2024-07-17 14:10:00,-0.0
2024-07-17 14:15:00,-0.0002
2024-07-17 14:20:00,0.03790446559114322
2024-07-17 14:25:00,0.0
2024-07-17 14:30:00,0.0
2024-07-17 14:35:00,-0.0
2024-07-17 14:40:00,0.0
2024-07-17 14:45:00,0.0
2024-07-17 14:50:00,-0.0
2024-07-17 14:55:00,0.0
2024-07-17 15:00:00,0.0
2024-07-17 15:05:00,-0.0
2024-07-17 15:10:00,-0.0
2024-07-17 15:15:00,0.0
2024-07-17 15:20:00,0.0
2024-07-17 15:25:00,0.0
2024-07-18 09:15:00,-0.0002
2024-07-18 09:20:00,0.03613574447713528
2024-07-18 09:25:00,-0.0002
2024-07-18 09:30:00,-0.011269251704045358
2024-07-18 09:35:00,0.03704363360775629
2024-07-18 09:40:00,-0.0002
2024-07-18 09:45:00,0.02670223776502354
2024-07-18 09:50:00,0.0
2024-07-18 09:55:00,0.0
2024-07-18 10:00:00,-0.0
2024-07-18 10:05:00,0.0
2024-07-18 10:10:00,-0.0
2024-07-18 10:15:00,-0.0
2024-07-18 10:20:00,0.0
2024-07-18 10:25:00,-0.0
2024-07-18 10:30:00,0.0
2024-07-18 10:35:00,0.0
2024-07-18 10:40:00,-0.0
2024-07-18 10:45:00,0.0
2024-07-18 10:50:00,-0.0
2024-07-18 10:55:00,0.0
2024-07-18 11:00:00,-0.0
2024-07-18 11:05:00,0.0
2024-07-18 11:10:00,-0.0002
2024-07-18 11:15:00,0.034299186598936916
2024-07-18 11:20:00,0.0
2024-07-18 11:25:00,-0.0
2024-07-18 11:30:00,-0.0002
2024-07-18 11:35:00,0.04662841308489816
2024-07-18 11:40:00,-0.0
2024-07-18 11:45:00,0.0
2024-07-18 11:50:00,-0.0
2024-07-18 11:55:00,-0.0
2024-07-18 12:00:00,0.0
2024-07-18 12:05:00,-0.0
2024-07-18 12:10:00,0.0
2024-07-18 12:15:00,-0.0
2024-07-18 12:20:00,-0.0
2024-07-18 12:25:00,0.0
2024-07-18 12:30:00,-0.0
2024-07-18 12:35:00,0.0
2024-07-18 12:40:00,-0.0
2024-07-18 12:45:00,0.0
2024-07-18 12:50:00,-0.0
2024-07-18 12:55:00,0.0
2024-07-18 13:00:00,-0.0
2024-07-18 13:05:00,-0.0002
2024-07-18 13:10:00,0.010982081715710445
2024-07-18 13:15:00,0.0
2024-07-18 13:20:00,0.0
2024-07-18 13:25:00,0.0
2024-07-18 13:30:00,-0.0
2024-07-18 13:35:00,0.0
2024-07-18 13:40:00,-0.0
2024-07-18 13:45:00,0.0
2024-07-18 13:50:00,0.0
2024-07-18 13:55:00,-0.0
2024-07-18 14:00:00,0.0
2024-07-18 14:05:00,-0.0
2024-07-18 14:10:00,0.0
2024-07-18 14:15:00,0.0
2024-07-18 14:20:00,-0.0
2024-07-18 14:25:00,0.0
2024-07-18 14:30:00,-0.0
2024-07-18 14:35:00,0.0
2024-07-18 14:40:00,-0.0
2024-07-18 14:45:00,0.0
2024-07-18 14:50:00,0.0
2024-07-18 14:55:00,-0.0
2024-07-18 15:00:00,-0.0
2024-07-18 15:05:00,-0.0
2024-07-18 15:10:00,0.0
2024-07-18 15:15:00,-0.0
2024-07-18 15:20:00,-0.0
2024-07-18 15:25:00,-0.0
2024-07-19 09:15:00,0.0
2024-07-19 09:20:00,-0.0002
2024-07-19 09:25:00,0.007419810029128482
2024-07-19 09:30:00,0.0
2024-07-19 09:35:00,-0.0
2024-07-19 09:40:00,-0.0002
2024-07-19 09:45:00,0.001938500392292708
2024-07-19 09:50:00,-0.005161312807448026
2024-07-19 09:55:00,0.024633747787156747
2024-07-19 10:00:00,-0.0
2024-07-19 10:05:00,-0.0002
2024-07-19 10:10:00,0.02741101954255696
2024-07-19 10:15:00,0.0
2024-07-19 10:20:00,-0.0
2024-07-19 10:25:00,-0.0002
2024-07-19 10:30:00,0.04334302912658614
2024-07-19 10:35:00,-0.0
2024-07-19 10:40:00,0.0
2024-07-19 10:45:00,-0.0
2024-07-19 10:50:00,-0.0
2024-07-19 10:55:00,0.0
2024-07-19 11:00:00,0.0
2024-07-19 11:05:00,0.0
2024-07-19 11:10:00,-0.0
2024-07-19 11:15:00,-0.0
2024-07-19 11:20:00,-0.0002
2024-07-19 11:25:00,0.023343401154203948
2024-07-19 11:30:00,-0.0
2024-07-19 11:35:00,0.0
2024-07-19 11:40:00,0.0
2024-07-19 11:45:00,0.0
2024-07-19 11:50:00,-0.0
2024-07-19 11:55:00,0.0
2024-07-19 12:00:00,-0.0
2024-07-19 12:05:00,0.0
2024-07-19 12:10:00,0.0
2024-07-19 12:15:00,-0.0
2024-07-19 12:20:00,-0.0
2024-07-19 12:25:00,0.0
2024-07-19 12:30:00,0.0
2024-07-19 12:35:00,-0.0
2024-07-19 12:40:00,0.0
2024-07-19 12:45:00,0.0
2024-07-19 12:50:00,-0.0002
2024-07-19 12:55:00,0.017826206320195916
2024-07-19 13:00:00,-0.0002
2024-07-19 13:05:00,0.04751492830805135
2024-07-19 13:10:00,-0.0
2024-07-19 13:15:00,-0.0
2024-07-19 13:20:00,-0.0
2024-07-19 13:25:00,0.0
2024-07-19 13:30:00,-0.0
2024-07-19 13:35:00,-0.0
2024-07-19 13:40:00,-0.0
2024-07-19 13:45:00,0.0
2024-07-19 13:50:00,0.0
2024-07-19 13:55:00,-0.0
2024-07-19 14:00:00,0.0
2024-07-19 14:05:00,0.0
2024-07-19 14:10:00,-0.0
2024-07-19 14:15:00,-0.0
2024-07-19 14:20:00,-0.0
2024-07-19 14:25:00,0.0
2024-07-19 14:30:00,-0.0002
2024-07-19 14:35:00,0.013969144517186427
2024-07-19 14:40:00,-0.0
2024-07-19 14:45:00,0.0
2024-07-19 14:50:00,-0.0002
2024-07-19 14:55:00,0.030666270663913454
2024-07-19 15:00:00,0.0
2024-07-19 15:05:00,-0.0
2024-07-19 15:10:00,0.0
2024-07-19 15:15:00,0.0
2024-07-19 15:20:00,-0.0002
2024-07-19 15:25:00,0.0462619729451776
2024-07-22 09:15:00,-0.007734350745483676
2024-07-22 09:20:00,0.01772857683996063
2024-07-22 09:25:00,0.0
2024-07-22 09:30:00,-0.0
2024-07-22 09:35:00,0.0
2024-07-22 09:40:00,0.0
2024-07-22 09:45:00,0.0
2024-07-22 09:50:00,-0.0
2024-07-22 09:55:00,0.0
2024-07-22 10:00:00,-0.0002
2024-07-22 10:05:00,0.03990790755423244
2024-07-22 10:10:00,0.0
2024-07-22 10:15:00,0.0
2024-07-22 10:20:00,0.0
2024-07-22 10:25:00,0.0
2024-07-22 10:30:00,-0.0
2024-07-22 10:35:00,0.0
2024-07-22 10:40:00,-0.0
2024-07-22 10:45:00,0.0
2024-07-22 10:50:00,-0.0
2024-07-22 10:55:00,0.0
2024-07-22 11:00:00,-0.0002
2024-07-22 11:05:00,0.02636928973607875
2024-07-22 11:10:00,-0.0002
2024-07-22 11:15:00,0.040478411278864514
2024-07-22 11:20:00,-0.0
2024-07-22 11:25:00,-0.0
2024-07-22 11:30:00,0.0
2024-07-22 11:35:00,0.0
2024-07-22 11:40:00,-0.0
2024-07-22 11:45:00,0.0
2024-07-22 11:50:00,0.0
2024-07-22 11:55:00,-0.0
2024-07-22 12:00:00,-0.0
2024-07-22 12:05:00,0.0
2024-07-22 12:10:00,0.0
2024-07-22 12:15:00,-0.0
2024-07-22 12:20:00,-0.0002
2024-07-22 12:25:00,0.023521060298257714
2024-07-22 12:30:00,-0.0
2024-07-22 12:35:00,-0.0
2024-07-22 12:40:00,0.0
2024-07-22 12:45:00,0.0
2024-07-22 12:50:00,0.0
2024-07-22 12:55:00,0.0
2024-07-22 13:00:00,0.0
2024-07-22 13:05:00,-0.0
2024-07-22 13:10:00,0.0
2024-07-22 13:15:00,-0.0002
2024-07-22 13:20:00,0.025613803312272344
2024-07-22 13:25:00,-0.0
2024-07-22 13:30:00,0.0
2024-07-22 13:35:00,0.0
2024-07-22 13:40:00,-0.0
2024-07-22 13:45:00,0.0
2024-07-22 13:50:00,-0.0002
2024-07-22 13:55:00,0.019945396558526986
2024-07-22 14:00:00,0.0
2024-07-22 14:05:00,-0.0
2024-07-22 14:10:00,-0.0002
2024-07-22 14:15:00,0.0415163169755852
2024-07-22 14:20:00,-0.0
2024-07-22 14:25:00,0.0
2024-07-22 14:30:00,0.0
2024-07-22 14:35:00,0.0
2024-07-22 14:40:00,-0.0
2024-07-22 14:45:00,-0.0
2024-07-22 14:50:00,0.0
2024-07-22 14:55:00,-0.0002
2024-07-22 15:00:00,0.03030570305787459
2024-07-22 15:05:00,0.0
2024-07-22 15:10:00,0.0
2024-07-22 15:15:00,-0.0
2024-07-22 15:20:00,0.0
2024-07-22 15:25:00,-0.0
2024-07-23 09:15:00,0.0
2024-07-23 09:20:00,0.0
2024-07-23 09:25:00,-0.0
2024-07-23 09:30:00,0.0
2024-07-23 09:35:00,-0.0
2024-07-23 09:40:00,-0.0
2024-07-23 09:45:00,-0.0002
2024-07-23 09:50:00,0.0334089211479913
2024-07-23 09:55:00,-0.0
2024-07-23 10:00:00,0.0
2024-07-23 10:05:00,0.0
2024-07-23 10:10:00,-0.0
2024-07-23 10:15:00,0.0
2024-07-23 10:20:00,0.0
2024-07-23 10:25:00,-0.0
2024-07-23 10:30:00,0.0
2024-07-23 10:35:00,-0.0
2024-07-23 10:40:00,0.0
2024-07-23 10:45:00,-0.0
2024-07-23 10:50:00,0.0
2024-07-23 10:55:00,-0.0
2024-07-23 11:00:00,0.0
2024-07-23 11:05:00,-0.0
2024-07-23 11:10:00,0.0
2024-07-23 11:15:00,0.0
2024-07-23 11:20:00,-0.0
2024-07-23 11:25:00,0.0
2024-07-23 11:30:00,0.0
2024-07-23 11:35:00,-0.0
2024-07-23 11:40:00,0.0
2024-07-23 11:45:00,-0.0
2024-07-23 11:50:00,-0.0
2024-07-23 11:55:00,-0.0002
2024-07-23 12:00:00,0.015007909055909851
2024-07-23 12:05:00,-0.0002
2024-07-23 12:10:00,0.005717978754484321
2024-07-23 12:15:00,0.016755293617531232
2024-07-23 12:20:00,-0.0
2024-07-23 12:25:00,0.0
2024-07-23 12:30:00,0.0
2024-07-23 12:35:00,-0.0
2024-07-23 12:40:00,-0.0002
2024-07-23 12:45:00,0.016269098451962206
2024-07-23 12:50:00,0.0
2024-07-23 12:55:00,-0.0002
2024-07-23 13:00:00,0.011003712955701994
2024-07-23 13:05:00,-0.0
2024-07-23 13:10:00,-0.0002
2024-07-23 13:15:00,0.04274656582745125
2024-07-23 13:20:00,0.016211141236179817
2024-07-23 13:25:00,-0.0
2024-07-23 13:30:00,0.0
2024-07-23 13:35:00,0.0
2024-07-23 13:40:00,-0.0
2024-07-23 13:45:00,-0.0002
2024-07-23 13:50:00,0.032542605217556676
2024-07-23 13:55:00,0.0
2024-07-23 14:00:00,-0.0
2024-07-23 14:05:00,-0.0
2024-07-23 14:10:00,0.0
2024-07-23 14:15:00,-0.0
2024-07-23 14:20:00,0.0
2024-07-23 14:25:00,0.0
2024-07-23 14:30:00,-0.0
2024-07-23 14:35:00,0.0
2024-07-23 14:40:00,-0.0
2024-07-23 14:45:00,0.0
2024-07-23 14:50:00,-0.0
2024-07-23 14:55:00,0.0
2024-07-23 15:00:00,-0.0002
2024-07-23 15:05:00,0.029483913025819965
2024-07-23 15:10:00,-0.0
2024-07-23 15:15:00,0.0
2024-07-23 15:20:00,-0.0
2024-07-23 15:25:00,0.0
2024-07-24 09:15:00,-0.0002
2024-07-24 09:20:00,0.034203787380910435
2024-07-24 09:25:00,-0.0002
2024-07-24 09:30:00,0.005230459853075665
2024-07-24 09:35:00,-0.0
2024-07-24 09:40:00,-0.0
2024-07-24 09:45:00,-0.0002
2024-07-24 09:50:00,0.010745891673783458
2024-07-24 09:55:00,0.0
2024-07-24 10:00:00,0.0
2024-07-24 10:05:00,0.0
2024-07-24 10:10:00,-0.0
2024-07-24 10:15:00,-0.0
2024-07-24 10:20:00,-0.0
2024-07-24 10:25:00,0.0
2024-07-24 10:30:00,0.0
2024-07-24 10:35:00,0.0
2024-07-24 10:40:00,0.0
2024-07-24 10:45:00,-0.0002
2024-07-24 10:50:00,0.0421092139809278
2024-07-24 10:55:00,-0.0
2024-07-24 11:00:00,-0.0002
2024-07-24 11:05:00,0.01930062259639851
2024-07-24 11:10:00,-0.0
2024-07-24 11:15:00,-0.0
2024-07-24 11:20:00,-0.0
2024-07-24 11:25:00,0.0
2024-07-24 11:30:00,0.0
2024-07-24 11:35:00,-0.0
2024-07-24 11:40:00,0.0
2024-07-24 11:45:00,0.0
2024-07-24 11:50:00,-0.0
2024-07-24 11:55:00,0.0
2024-07-24 12:00:00,-0.0
2024-07-24 12:05:00,0.0
2024-07-24 12:10:00,-0.0
2024-07-24 12:15:00,-0.0002
2024-07-24 12:20:00,0.03394168002200779
2024-07-24 12:25:00,0.0
2024-07-24 12:30:00,-0.0
2024-07-24 12:35:00,0.0
2024-07-24 12:40:00,0.0
2024-07-24 12:45:00,-0.0
2024-07-24 12:50:00,-0.0
2024-07-24 12:55:00,0.0
2024-07-24 13:00:00,-0.0
2024-07-24 13:05:00,0.0
2024-07-24 13:10:00,-0.0
2024-07-24 13:15:00,-0.0
2024-07-24 13:20:00,-0.0
2024-07-24 13:25:00,0.0
2024-07-24 13:30:00,-0.0
2024-07-24 13:35:00,0.0
2024-07-24 13:40:00,-0.0
2024-07-24 13:45:00,0.0
2024-07-24 13:50:00,-0.0
2024-07-24 13:55:00,-0.0
2024-07-24 14:00:00,0.0
2024-07-24 14:05:00,-0.0002
2024-07-24 14:10:00,0.03712627475033068
2024-07-24 14:15:00,-0.0
2024-07-24 14:20:00,0.0
2024-07-24 14:25:00,-0.0
2024-07-24 14:30:00,0.0
2024-07-24 14:35:00,0.0
2024-07-24 14:40:00,-0.0
2024-07-24 14:45:00,0.0
2024-07-24 14:50:00,-0.0
2024-07-24 14:55:00,0.0
2024-07-24 15:00:00,-0.0002
2024-07-24 15:05:00,0.015429496459220737
2024-07-24 15:10:00,0.0
2024-07-24 15:15:00,-0.0
2024-07-24 15:20:00,0.0
2024-07-24 15:25:00,0.0
2024-07-25 09:15:00,-0.0
2024-07-25 09:20:00,0.0
2024-07-25 09:25:00,0.0
2024-07-25 09:30:00,-0.0
2024-07-25 09:35:00,0.0
2024-07-25 09:40:00,0.0
2024-07-25 09:45:00,-0.0
2024-07-25 09:50:00,-0.0
2024-07-25 09:55:00,-0.0
2024-07-25 10:00:00,-0.0002
2024-07-25 10:05:00,0.045614310838058426
2024-07-25 10:10:00,0.0
2024-07-25 10:15:00,-0.0002
2024-07-25 10:20:00,0.024457458913475706
2024-07-25 10:25:00,-0.0
2024-07-25 10:30:00,-0.0
2024-07-25 10:35:00,-0.0002
2024-07-25 10:40:00,0.019438161607099082
2024-07-25 10:45:00,0.0
2024-07-25 10:50:00,-0.0002
2024-07-25 10:55:00,0.024610308206472677
2024-07-25 11:00:00,0.0
2024-07-25 11:05:00,-0.0
2024-07-25 11:10:00,0.0
2024-07-25 11:15:00,0.0
2024-07-25 11:20:00,-0.0
2024-07-25 11:25:00,0.0
2024-07-25 11:30:00,-0.0
2024-07-25 11:35:00,-0.0
2024-07-25 11:40:00,-0.0
2024-07-25 11:45:00,0.0
2024-07-25 11:50:00,-0.0
2024-07-25 11:55:00,0.0
2024-07-25 12:00:00,-0.0
2024-07-25 12:05:00,0.0
2024-07-25 12:10:00,-0.0
2024-07-25 12:15:00,0.0
2024-07-25 12:20:00,0.0
2024-07-25 12:25:00,-0.0
2024-07-25 12:30:00,-0.0
2024-07-25 12:35:00,0.0
2024-07-25 12:40:00,-0.0
2024-07-25 12:45:00,-0.0
2024-07-25 12:50:00,0.0
2024-07-25 12:55:00,0.0
2024-07-25 13:00:00,-0.0002
2024-07-25 13:05:00,-0.00327428857515788
2024-07-25 13:10:00,0.023632944176921834
2024-07-25 13:15:00,0.0
2024-07-25 13:20:00,-0.0
2024-07-25 13:25:00,0.0
2024-07-25 13:30:00,-0.0
2024-07-25 13:35:00,0.0
2024-07-25 13:40:00,-0.0002
2024-07-25 13:45:00,0.00936571616361801
2024-07-25 13:50:00,0.0
2024-07-25 13:55:00,-0.0
2024-07-25 14:00:00,0.0
2024-07-25 14:05:00,-0.0002
2024-07-25 14:10:00,0.037605332144186245
2024-07-25 14:15:00,-0.0
2024-07-25 14:20:00,-0.0
2024-07-25 14:25:00,-0.0
2024-07-25 14:30:00,0.0
2024-07-25 14:35:00,-0.0
2024-07-25 14:40:00,-0.0
2024-07-25 14:45:00,0.0
2024-07-25 14:50:00,-0.0002
2024-07-25 14:55:00,0.035254122223211316
2024-07-25 15:00:00,0.0
2024-07-25 15:05:00,-0.0
2024-07-25 15:10:00,-0.0
2024-07-25 15:15:00,0.0
2024-07-25 15:20:00,-0.0
2024-07-25 15:25:00,0.0
2024-07-26 09:15:00,-0.0
2024-07-26 09:20:00,0.0
2024-07-26 09:25:00,-0.0002
2024-07-26 09:30:00,0.019241398733953897
2024-07-26 09:35:00,-0.0
2024-07-26 09:40:00,0.0
2024-07-26 09:45:00,0.0
2024-07-26 09:50:00,-0.0
2024-07-26 09:55:00,0.0
2024-07-26 10:00:00,0.0
2024-07-26 10:05:00,-0.0
2024-07-26 10:10:00,-0.0
2024-07-26 10:15:00,0.0
2024-07-26 10:20:00,-0.0
2024-07-26 10:25:00,-0.0002
2024-07-26 10:30:00,0.019823651079313033
2024-07-26 10:35:00,0.0
2024-07-26 10:40:00,-0.0
2024-07-26 10:45:00,0.0
2024-07-26 10:50:00,0.0
2024-07-26 10:55:00,-0.0
2024-07-26 11:00:00,0.0
2024-07-26 11:05:00,-0.0
2024-07-26 11:10:00,-0.0
2024-07-26 11:15:00,-0.0
2024-07-26 11:20:00,0.0
2024-07-26 11:25:00,0.0
2024-07-26 11:30:00,0.0
2024-07-26 11:35:00,-0.0
2024-07-26 11:40:00,0.0
2024-07-26 11:45:00,0.0
2024-07-26 11:50:00,0.0
2024-07-26 11:55:00,-0.0
2024-07-26 12:00:00,-0.0
2024-07-26 12:05:00,0.0
2024-07-26 12:10:00,-0.0
2024-07-26 12:15:00,0.0
2024-07-26 12:20:00,-0.0
2024-07-26 12:25:00,-0.0
2024-07-26 12:30:00,-0.0
2024-07-26 12:35:00,0.0
2024-07-26 12:40:00,0.0
2024-07-26 12:45:00,-0.0
2024-07-26 12:50:00,0.0
2024-07-26 12:55:00,-0.0
2024-07-26 13:00:00,-0.0002
2024-07-26 13:05:00,0.019020377665690626
2024-07-26 13:10:00,-0.0
2024-07-26 13:15:00,0.0
2024-07-26 13:20:00,-0.0
2024-07-26 13:25:00,0.0
2024-07-26 13:30:00,-0.0
2024-07-26 13:35:00,0.0
2024-07-26 13:40:00,-0.0
2024-07-26 13:45:00,-0.0
2024-07-26 13:50:00,0.0
2024-07-26 13:55:00,0.0
2024-07-26 14:00:00,-0.0002
2024-07-26 14:05:00,0.032277937145988235
2024-07-26 14:10:00,-0.0
2024-07-26 14:15:00,0.0
2024-07-26 14:20:00,-0.0002
2024-07-26 14:25:00,0.03405403944494565
2024-07-26 14:30:00,-0.0
2024-07-26 14:35:00,0.0
2024-07-26 14:40:00,-0.0
2024-07-26 14:45:00,0.0
2024-07-26 14:50:00,0.0
2024-07-26 14:55:00,0.0
2024-07-26 15:00:00,-0.0
2024-07-26 15:05:00,0.0
2024-07-26 15:10:00,0.0
2024-07-26 15:15:00,-0.0
2024-07-26 15:20:00,-0.0002
2024-07-26 15:25:00,0.023706368871494223
2024-07-29 09:15:00,0.0
2024-07-29 09:20:00,0.0
2024-07-29 09:25:00,-0.0
2024-07-29 09:30:00,0.0
2024-07-29 09:35:00,-0.0
2024-07-29 09:40:00,0.0
2024-07-29 09:45:00,0.0
2024-07-29 09:50:00,-0.0
2024-07-29 09:55:00,0.0
2024-07-29 10:00:00,-0.0
2024-07-29 10:05:00,0.0
2024-07-29 10:10:00,-0.0
2024-07-29 10:15:00,0.0
2024-07-29 10:20:00,-0.0
2024-07-29 10:25:00,-0.0
2024-07-29 10:30:00,-0.0
2024-07-29 10:35:00,0.0
2024-07-29 10:40:00,-0.0002
2024-07-29 10:45:00,0.026639987012868606
2024-07-29 10:50:00,0.0
2024-07-29 10:55:00,-0.0
2024-07-29 11:00:00,-0.0
2024-07-29 11:05:00,0.0
2024-07-29 11:10:00,0.0
2024-07-29 11:15:00,-0.0
2024-07-29 11:20:00,0.0
2024-07-29 11:25:00,0.0
2024-07-29 11:30:00,-0.0
2024-07-29 11:35:00,-0.0002
2024-07-29 11:40:00,0.006916966126373581
2024-07-29 11:45:00,-0.0002
2024-07-29 11:50:00,0.013701048448134112
2024-07-29 11:55:00,-0.0
2024-07-29 12:00:00,-0.0002
2024-07-29 12:05:00,0.034541230750116704
2024-07-29 12:10:00,-0.0
2024-07-29 12:15:00,0.0
2024-07-29 12:20:00,0.0
2024-07-29 12:25:00,-0.0
2024-07-29 12:30:00,0.0
2024-07-29 12:35:00,-0.0
2024-07-29 12:40:00,0.0
2024-07-29 12:45:00,-0.0
2024-07-29 12:50:00,0.0
2024-07-29 12:55:00,-0.0
2024-07-29 13:00:00,0.0
2024-07-29 13:05:00,-0.0
2024-07-29 13:10:00,-0.0
2024-07-29 13:15:00,0.0
2024-07-29 13:20:00,0.0
2024-07-29 13:25:00,-0.0
2024-07-29 13:30:00,0.0
2024-07-29 13:35:00,0.0
2024-07-29 13:40:00,0.0
2024-07-29 13:45:00,0.0
2024-07-29 13:50:00,0.0
2024-07-29 13:55:00,-0.0
2024-07-29 14:00:00,0.0
2024-07-29 14:05:00,-0.0002
2024-07-29 14:10:00,0.03276028370676518
2024-07-29 14:15:00,0.0
2024-07-29 14:20:00,-0.0
2024-07-29 14:25:00,0.0
2024-07-29 14:30:00,-0.0
2024-07-29 14:35:00,0.0
2024-07-29 14:40:00,-0.0
2024-07-29 14:45:00,0.0
2024-07-29 14:50:00,-0.0002
2024-07-29 14:55:00,0.0247510403026737
2024-07-29 15:00:00,0.0
2024-07-29 15:05:00,-0.0
2024-07-29 15:10:00,0.0
2024-07-29 15:15:00,-0.0
2024-07-29 15:20:00,-0.0002
2024-07-29 15:25:00,0.02406741713947278
2024-07-30 09:15:00,-0.0
2024-07-30 09:20:00,-0.0002
2024-07-30 09:25:00,0.03438698133006877
2024-07-30 09:30:00,0.0
2024-07-30 09:35:00,-0.0
2024-07-30 09:40:00,0.0
2024-07-30 09:45:00,-0.0
2024-07-30 09:50:00,0.0
2024-07-30 09:55:00,-0.0
2024-07-30 10:00:00,-0.0
2024-07-30 10:05:00,0.0
2024-07-30 10:10:00,0.0
2024-07-30 10:15:00,-0.0
2024-07-30 10:20:00,-0.0
2024-07-30 10:25:00,-0.0
2024-07-30 10:30:00,0.0
2024-07-30 10:35:00,-0.0
2024-07-30 10:40:00,-0.0
2024-07-30 10:45:00,-0.0002
2024-07-30 10:50:00,0.04152023935108271
2024-07-30 10:55:00,-0.0
2024-07-30 11:00:00,0.0
2024-07-30 11:05:00,-0.0
2024-07-30 11:10:00,-0.0
2024-07-30 11:15:00,-0.0002
2024-07-30 11:20:00,0.019563184157686854
2024-07-30 11:25:00,-0.0
2024-07-30 11:30:00,0.0
2024-07-30 11:35:00,-0.0
2024-07-30 11:40:00,0.0
2024-07-30 11:45:00,-0.0
2024-07-30 11:50:00,0.0
2024-07-30 11:55:00,0.0
2024-07-30 12:00:00,0.0
2024-07-30 12:05:00,0.0
2024-07-30 12:10:00,-0.0
2024-07-30 12:15:00,0.0
2024-07-30 12:20:00,-0.0
2024-07-30 12:25:00,-0.0
2024-07-30 12:30:00,0.0
2024-07-30 12:35:00,0.0
2024-07-30 12:40:00,-0.0002
2024-07-30 12:45:00,0.008918747163045393
2024-07-30 12:50:00,0.0
2024-07-30 12:55:00,-0.0002
2024-07-30 13:00:00,0.008134040627718475
2024-07-30 13:05:00,0.0
2024-07-30 13:10:00,-0.0002
2024-07-30 13:15:00,0.047254953218327934
2024-07-30 13:20:00,-0.0
2024-07-30 13:25:00,0.0
2024-07-30 13:30:00,-0.0
2024-07-30 13:35:00,-0.0
2024-07-30 13:40:00,-0.0002
2024-07-30 13:45:00,0.002204198079772657
2024-07-30 13:50:00,0.0
2024-07-30 13:55:00,0.0
2024-07-30 14:00:00,0.0
2024-07-30 14:05:00,-0.0
2024-07-30 14:10:00,0.0
2024-07-30 14:15:00,0.0
2024-07-30 14:20:00,-0.0
2024-07-30 14:25:00,0.0
2024-07-30 14:30:00,-0.0
2024-07-30 14:35:00,0.0
2024-07-30 14:40:00,-0.0
2024-07-30 14:45:00,0.0
2024-07-30 14:50:00,-0.0
2024-07-30 14:55:00,0.0
2024-07-30 15:00:00,-0.0
2024-07-30 15:05:00,0.0
2024-07-30 15:10:00,-0.0
2024-07-30 15:15:00,-0.0002
2024-07-30 15:20:00,0.013360255409641563
2024-07-30 15:25:00,-0.0002
2024-07-31 09:15:00,0.0035121416887506918
2024-07-31 09:20:00,-0.006688552371186152
2024-07-31 09:25:00,-0.015792628870112235
2024-07-31 09:30:00,0.013831544983745813
2024-07-31 09:35:00,-0.0002
2024-07-31 09:40:00,0.007684271329563286
2024-07-31 09:45:00,0.026642797575747258
2024-07-31 09:50:00,0.0
2024-07-31 09:55:00,-0.0002
2024-07-31 10:00:00,-0.005011626449794471
2024-07-31 10:05:00,0.009600102250878461
2024-07-31 10:10:00,0.0
2024-07-31 10:15:00,-0.0
2024-07-31 10:20:00,0.0
2024-07-31 10:25:00,-0.0
2024-07-31 10:30:00,0.0
2024-07-31 10:35:00,-0.0
2024-07-31 10:40:00,-0.0
2024-07-31 10:45:00,0.0
2024-07-31 10:50:00,0.0
2024-07-31 10:55:00,-0.0
2024-07-31 11:00:00,0.0
2024-07-31 11:05:00,-0.0
2024-07-31 11:10:00,0.0
2024-07-31 11:15:00,-0.0
2024-07-31 11:20:00,0.0
2024-07-31 11:25:00,-0.0
2024-07-31 11:30:00,0.0
2024-07-31 11:35:00,0.0
2024-07-31 11:40:00,-0.0
2024-07-31 11:45:00,0.0
2024-07-31 11:50:00,-0.0
2024-07-31 11:55:00,-0.0
2024-07-31 12:00:00,-0.0002
2024-07-31 12:05:00,0.029249297152859267
2024-07-31 12:10:00,-0.0
2024-07-31 12:15:00,-0.0002
2024-07-31 12:20:00,0.032986743160779965
2024-07-31 12:25:00,0.0
2024-07-31 12:30:00,0.0
2024-07-31 12:35:00,-0.0
2024-07-31 12:40:00,-0.0002
2024-07-31 12:45:00,0.028920621686851368
2024-07-31 12:50:00,0.0
2024-07-31 12:55:00,-0.0
2024-07-31 13:00:00,-0.0
2024-07-31 13:05:00,0.0
2024-07-31 13:10:00,0.0
2024-07-31 13:15:00,-0.0002
2024-07-31 13:20:00,0.014788364098832196
2024-07-31 13:25:00,-0.0
2024-07-31 13:30:00,-0.0
2024-07-31 13:35:00,-0.0002
2024-07-31 13:40:00,0.03356255480134627
2024-07-31 13:45:00,-0.0
2024-07-31 13:50:00,0.0
2024-07-31 13:55:00,0.0
2024-07-31 14:00:00,0.0
2024-07-31 14:05:00,-0.0
2024-07-31 14:10:00,-0.0
2024-07-31 14:15:00,0.0
2024-07-31 14:20:00,0.0
2024-07-31 14:25:00,-0.0
2024-07-31 14:30:00,-0.0
2024-07-31 14:35:00,0.0
2024-07-31 14:40:00,-0.0002
2024-07-31 14:45:00,0.008976567625741816
2024-07-31 14:50:00,0.0
2024-07-31 14:55:00,-0.0002
2024-07-31 15:00:00,0.022217990279919088
2024-07-31 15:05:00,0.0
2024-07-31 15:10:00,0.0
2024-07-31 15:15:00,-0.0
2024-07-31 15:20:00,-0.0
2024-07-31 15:25:00,0.0
2024-08-01 09:15:00,0.0
2024-08-01 09:20:00,-0.0
2024-08-01 09:25:00,-0.0
2024-08-01 09:30:00,0.0
2024-08-01 09:35:00,-0.0
2024-08-01 09:40:00,0.0
2024-08-01 09:45:00,-0.0002
2024-08-01 09:50:00,-0.009313801614443618
2024-08-01 09:55:00,0.03087584229404581
2024-08-01 10:00:00,0.0
2024-08-01 10:05:00,0.0
2024-08-01 10:10:00,0.0
2024-08-01 10:15:00,-0.0002
2024-08-01 10:20:00,-0.01398574162765831
2024-08-01 10:25:00,0.026180659054433987
2024-08-01 10:30:00,-0.0
2024-08-01 10:35:00,-0.0
2024-08-01 10:40:00,0.0
2024-08-01 10:45:00,0.0
2024-08-01 10:50:00,0.0
2024-08-01 10:55:00,-0.0
2024-08-01 11:00:00,0.0
2024-08-01 11:05:00,-0.0002
2024-08-01 11:10:00,0.01929651656694318
2024-08-01 11:15:00,-0.0
2024-08-01 11:20:00,0.0
2024-08-01 11:25:00,-0.0
2024-08-01 11:30:00,0.0
2024-08-01 11:35:00,0.0
2024-08-01 11:40:00,0.0
2024-08-01 11:45:00,-0.0
2024-08-01 11:50:00,0.0
2024-08-01 11:55:00,-0.0
2024-08-01 12:00:00,0.0
2024-08-01 12:05:00,-0.0
2024-08-01 12:10:00,-0.0
2024-08-01 12:15:00,0.0
2024-08-01 12:20:00,-0.0002
2024-08-01 12:25:00,0.03379853475965409
2024-08-01 12:30:00,-0.0002
2024-08-01 12:35:00,0.04100450164717393
2024-08-01 12:40:00,0.0
2024-08-01 12:45:00,0.0
2024-08-01 12:50:00,0.0
2024-08-01 12:55:00,-0.0
2024-08-01 13:00:00,0.0
2024-08-01 13:05:00,0.0
2024-08-01 13:10:00,0.0
2024-08-01 13:15:00,-0.0
2024-08-01 13:20:00,0.0
2024-08-01 13:25:00,-0.0
2024-08-01 13:30:00,-0.0
2024-08-01 13:35:00,-0.0
2024-08-01 13:40:00,0.0
2024-08-01 13:45:00,-0.0
2024-08-01 13:50:00,-0.0
2024-08-01 13:55:00,0.0
2024-08-01 14:00:00,-0.0
2024-08-01 14:05:00,-0.0
2024-08-01 14:10:00,-0.0002
2024-08-01 14:15:00,0.007561346405541958
2024-08-01 14:20:00,0.010398789573074363
2024-08-01 14:25:00,0.0
2024-08-01 14:30:00,-0.0
2024-08-01 14:35:00,0.0
2024-08-01 14:40:00,-0.0
2024-08-01 14:45:00,-0.0002
2024-08-01 14:50:00,0.007644503031625872
2024-08-01 14:55:00,-0.0
2024-08-01 15:00:00,-0.0
2024-08-01 15:05:00,-0.0002
2024-08-01 15:10:00,0.013109480703627585
2024-08-01 15:15:00,0.0
2024-08-01 15:20:00,0.0
2024-08-01 15:25:00,-0.0
2024-08-02 09:15:00,-0.0002
2024-08-02 09:20:00,-0.0015509925737293927
2024-08-02 09:25:00,0.0
2024-08-02 09:30:00,-0.0002
2024-08-02 09:35:00,0.007816158840375098
2024-08-02 09:40:00,-0.0002
2024-08-02 09:45:00,0.02491477143160723
2024-08-02 09:50:00,-0.0
2024-08-02 09:55:00,0.0
2024-08-02 10:00:00,0.0
2024-08-02 10:05:00,-0.0
2024-08-02 10:10:00,0.0
2024-08-02 10:15:00,0.0
2024-08-02 10:20:00,0.0
2024-08-02 10:25:00,0.0
2024-08-02 10:30:00,-0.0
2024-08-02 10:35:00,-0.0
2024-08-02 10:40:00,0.0
2024-08-02 10:45:00,0.0
2024-08-02 10:50:00,0.0
2024-08-02 10:55:00,-0.0
2024-08-02 11:00:00,0.0
2024-08-02 11:05:00,-0.0
2024-08-02 11:10:00,0.0
2024-08-02 11:15:00,-0.0
2024-08-02 11:20:00,0.0
2024-08-02 11:25:00,-0.0002
2024-08-02 11:30:00,0.02421731069498765
2024-08-02 11:35:00,-0.0
2024-08-02 11:40:00,-0.0002
2024-08-02 11:45:00,-0.0028863136788569443
2024-08-02 11:50:00,0.026893644952506103
2024-08-02 11:55:00,0.0
2024-08-02 12:00:00,-0.0
2024-08-02 12:05:00,0.0
2024-08-02 12:10:00,0.0
2024-08-02 12:15:00,0.0
2024-08-02 12:20:00,0.0
2024-08-02 12:25:00,-0.0
2024-08-02 12:30:00,0.0
2024-08-02 12:35:00,-0.0
2024-08-02 12:40:00,0.0
2024-08-02 12:45:00,0.0
2024-08-02 12:50:00,-0.0002
2024-08-02 12:55:00,0.03373795739384131
2024-08-02 13:00:00,-0.0
2024-08-02 13:05:00,-0.0002
2024-08-02 13:10:00,0.04334979540932058
2024-08-02 13:15:00,0.0
2024-08-02 13:20:00,0.0
2024-08-02 13:25:00,-0.0
2024-08-02 13:30:00,0.0
2024-08-02 13:35:00,0.0
2024-08-02 13:40:00,-0.0
2024-08-02 13:45:00,-0.0002
2024-08-02 13:50:00,0.03695118260908379
2024-08-02 13:55:00,-0.0
2024-08-02 14:00:00,0.0
2024-08-02 14:05:00,-0.0
2024-08-02 14:10:00,-0.0
2024-08-02 14:15:00,-0.0
2024-08-02 14:20:00,0.0
2024-08-02 14:25:00,0.0
2024-08-02 14:30:00,-0.0
2024-08-02 14:35:00,0.0
2024-08-02 14:40:00,0.0
2024-08-02 14:45:00,-0.0
2024-08-02 14:50:00,-0.0
2024-08-02 14:55:00,0.0
2024-08-02 15:00:00,0.0
2024-08-02 15:05:00,-0.0002
2024-08-02 15:10:00,0.03754896484739521
2024-08-02 15:15:00,-0.0
2024-08-02 15:20:00,-0.0
2024-08-02 15:25:00,0.0
2024-08-05 09:15:00,-0.0
2024-08-05 09:20:00,-0.0002
2024-08-05 09:25:00,0.023937299578212758
2024-08-05 09:30:00,-0.0002
2024-08-05 09:35:00,0.04457754551288349
2024-08-05 09:40:00,0.0
2024-08-05 09:45:00,-0.0
2024-08-05 09:50:00,0.0
2024-08-05 09:55:00,-0.0
2024-08-05 10:00:00,0.0
2024-08-05 10:05:00,0.0
2024-08-05 10:10:00,-0.0002
2024-08-05 10:15:00,0.04436591486601869
2024-08-05 10:20:00,-0.0
2024-08-05 10:25:00,0.0
2024-08-05 10:30:00,0.0
2024-08-05 10:35:00,-0.0
2024-08-05 10:40:00,0.0
2024-08-05 10:45:00,-0.0
2024-08-05 10:50:00,-0.0
2024-08-05 10:55:00,0.0
2024-08-05 11:00:00,-0.0
2024-08-05 11:05:00,0.0
2024-08-05 11:10:00,0.0
2024-08-05 11:15:00,-0.0
2024-08-05 11:20:00,0.0
2024-08-05 11:25:00,-0.0
2024-08-05 11:30:00,-0.0
2024-08-05 11:35:00,0.0
2024-08-05 11:40:00,0.0
2024-08-05 11:45:00,-0.0
2024-08-05 11:50:00,-0.0
2024-08-05 11:55:00,0.0
2024-08-05 12:00:00,0.0
2024-08-05 12:05:00,-0.0
2024-08-05 12:10:00,-0.0002
2024-08-05 12:15:00,0.019002368409145688
2024-08-05 12:20:00,-0.0002
2024-08-05 12:25:00,0.04623884165511956
2024-08-05 12:30:00,0.013047243445433154
2024-08-05 12:35:00,-0.0
2024-08-05 12:40:00,0.0
2024-08-05 12:45:00,0.0
2024-08-05 12:50:00,-0.0
2024-08-05 12:55:00,-0.0002
2024-08-05 13:00:00,0.03871379820895846
2024-08-05 13:05:00,0.0
2024-08-05 13:10:00,-0.0
2024-08-05 13:15:00,0.0
2024-08-05 13:20:00,0.0
2024-08-05 13:25:00,-0.0
2024-08-05 13:30:00,-0.0002
2024-08-05 13:35:00,0.027230563350561822
2024-08-05 13:40:00,0.0
2024-08-05 13:45:00,-0.0
2024-08-05 13:50:00,-0.0002
2024-08-05 13:55:00,0.049980112408084955
2024-08-05 14:00:00,-0.0
2024-08-05 14:05:00,-0.0002
2024-08-05 14:10:00,0.010130354965794596
2024-08-05 14:15:00,-0.0
2024-08-05 14:20:00,0.0
2024-08-05 14:25:00,0.0
2024-08-05 14:30:00,0.0
2024-08-05 14:35:00,-0.0
2024-08-05 14:40:00,0.0
2024-08-05 14:45:00,-0.0
2024-08-05 14:50:00,0.0
2024-08-05 14:55:00,-0.0002
2024-08-05 15:00:00,0.02441274802656144
2024-08-05 15:05:00,0.0
2024-08-05 15:10:00,0.0
2024-08-05 15:15:00,-0.0
2024-08-05 15:20:00,-0.0
2024-08-05 15:25:00,0.0
2024-08-06 09:15:00,0.0
2024-08-06 09:20:00,-0.0
2024-08-06 09:25:00,-0.0002
2024-08-06 09:30:00,0.021877347028598206
2024-08-06 09:35:00,0.0
2024-08-06 09:40:00,-0.0
2024-08-06 09:45:00,0.0
2024-08-06 09:50:00,-0.0
2024-08-06 09:55:00,-0.0
2024-08-06 10:00:00,0.0
2024-08-06 10:05:00,-0.0
2024-08-06 10:10:00,0.0
2024-08-06 10:15:00,-0.0
2024-08-06 10:20:00,-0.0002
2024-08-06 10:25:00,0.03332366969295262
2024-08-06 10:30:00,-0.0
2024-08-06 10:35:00,-0.0
2024-08-06 10:40:00,-0.0
2024-08-06 10:45:00,0.0
2024-08-06 10:50:00,-0.0
2024-08-06 10:55:00,-0.0
2024-08-06 11:00:00,0.0
2024-08-06 11:05:00,-0.0
2024-08-06 11:10:00,0.0
2024-08-06 11:15:00,-0.0
2024-08-06 11:20:00,0.0
2024-08-06 11:25:00,-0.0
2024-08-06 11:30:00,-0.0002
2024-08-06 11:35:00,0.04332638295653599
2024-08-06 11:40:00,0.0
2024-08-06 11:45:00,-0.0
2024-08-06 11:50:00,0.0
2024-08-06 11:55:00,0.0
2024-08-06 12:00:00,-0.0
2024-08-06 12:05:00,-0.0
2024-08-06 12:10:00,0.0
2024-08-06 12:15:00,-0.0
2024-08-06 12:20:00,0.0
2024-08-06 12:25:00,-0.0
2024-08-06 12:30:00,0.0
2024-08-06 12:35:00,-0.0002
2024-08-06 12:40:00,0.016179791121283628
2024-08-06 12:45:00,0.0
2024-08-06 12:50:00,-0.0
2024-08-06 12:55:00,-0.0
2024-08-06 13:00:00,0.0
2024-08-06 13:05:00,-0.0
2024-08-06 13:10:00,-0.0002
2024-08-06 13:15:00,0.03571227836583655
2024-08-06 13:20:00,0.0
2024-08-06 13:25:00,-0.0
2024-08-06 13:30:00,0.0
2024-08-06 13:35:00,0.0
2024-08-06 13:40:00,0.0
2024-08-06 13:45:00,-0.0
2024-08-06 13:50:00,0.0
2024-08-06 13:55:00,-0.0
2024-08-06 14:00:00,-0.0002
2024-08-06 14:05:00,0.024169913530206123
2024-08-06 14:10:00,-0.0
2024-08-06 14:15:00,-0.0002
2024-08-06 14:20:00,0.01529807615104859
2024-08-06 14:25:00,0.0
2024-08-06 14:30:00,-0.0
2024-08-06 14:35:00,-0.0
2024-08-06 14:40:00,-0.0
2024-08-06 14:45:00,-0.0
2024-08-06 14:50:00,0.0
2024-08-06 14:55:00,0.0
2024-08-06 15:00:00,-0.0
2024-08-06 15:05:00,-0.0
2024-08-06 15:10:00,0.0
2024-08-06 15:15:00,-0.0
2024-08-06 15:20:00,-0.0002
2024-08-06 15:25:00,0.021775360419005386
2024-08-07 09:15:00,-0.0
2024-08-07 09:20:00,0.0
2024-08-07 09:25:00,-0.0
2024-08-07 09:30:00,0.0
2024-08-07 09:35:00,-0.0
2024-08-07 09:40:00,0.0
2024-08-07 09:45:00,0.0
2024-08-07 09:50:00,-0.0
2024-08-07 09:55:00,0.0
2024-08-07 10:00:00,-0.0
2024-08-07 10:05:00,-0.0
2024-08-07 10:10:00,-0.0002
2024-08-07 10:15:00,0.017386958318860037
2024-08-07 10:20:00,-0.0
2024-08-07 10:25:00,0.0
2024-08-07 10:30:00,-0.0
2024-08-07 10:35:00,0.0
2024-08-07 10:40:00,0.0
2024-08-07 10:45:00,-0.0
2024-08-07 10:50:00,0.0
2024-08-07 10:55:00,0.0
2024-08-07 11:00:00,-0.0002
2024-08-07 11:05:00,0.032368166241726094
2024-08-07 11:10:00,0.0
2024-08-07 11:15:00,-0.0
2024-08-07 11:20:00,0.0
2024-08-07 11:25:00,0.0
2024-08-07 11:30:00,-0.0002
2024-08-07 11:35:00,0.01853130213380181
2024-08-07 11:40:00,-0.0
2024-08-07 11:45:00,-0.0002
2024-08-07 11:50:00,0.020112444241012196
2024-08-07 11:55:00,-0.0002
2024-08-07 12:00:00,0.015062639738074179
2024-08-07 12:05:00,-0.0
2024-08-07 12:10:00,-0.0
2024-08-07 12:15:00,0.0
2024-08-07 12:20:00,-0.0
2024-08-07 12:25:00,0.0
2024-08-07 12:30:00,-0.0
2024-08-07 12:35:00,0.0
2024-08-07 12:40:00,-0.0002
2024-08-07 12:45:00,0.03883355478803783
2024-08-07 12:50:00,-0.0
2024-08-07 12:55:00,-0.0
2024-08-07 13:00:00,0.0
2024-08-07 13:05:00,-0.0
2024-08-07 13:10:00,-0.0
2024-08-07 13:15:00,0.0
2024-08-07 13:20:00,0.0
2024-08-07 13:25:00,-0.0
2024-08-07 13:30:00,-0.0
2024-08-07 13:35:00,0.0
2024-08-07 13:40:00,-0.0
2024-08-07 13:45:00,0.0
2024-08-07 13:50:00,-0.0
2024-08-07 13:55:00,0.0
2024-08-07 14:00:00,-0.0
2024-08-07 14:05:00,0.0
2024-08-07 14:10:00,-0.0002
2024-08-07 14:15:00,0.04196485215614474
2024-08-07 14:20:00,0.0
2024-08-07 14:25:00,-0.0
2024-08-07 14:30:00,0.0
2024-08-07 14:35:00,-0.0
2024-08-07 14:40:00,-0.0
2024-08-07 14:45:00,-0.0002
2024-08-07 14:50:00,-0.00020657107067223457
2024-08-07 14:55:00,0.023462538729333328
2024-08-07 15:00:00,0.0
2024-08-07 15:05:00,0.0
2024-08-07 15:10:00,0.0
2024-08-07 15:15:00,-0.0
2024-08-07 15:20:00,-0.0
2024-08-07 15:25:00,0.0
2024-08-08 09:15:00,0.0
2024-08-08 09:20:00,0.0
2024-08-08 09:25:00,-0.0
2024-08-08 09:30:00,-0.0
2024-08-08 09:35:00,-0.0002
2024-08-08 09:40:00,0.0030302130204855394
2024-08-08 09:45:00,-0.0
2024-08-08 09:50:00,-0.0
2024-08-08 09:55:00,0.0
2024-08-08 10:00:00,0.0
2024-08-08 10:05:00,-0.0
2024-08-08 10:10:00,0.0
2024-08-08 10:15:00,-0.0
2024-08-08 10:20:00,-0.0
2024-08-08 10:25:00,-0.0
2024-08-08 10:30:00,-0.0
2024-08-08 10:35:00,-0.0002
2024-08-08 10:40:00,0.021666006853419663
2024-08-08 10:45:00,0.0
2024-08-08 10:50:00,-0.0
2024-08-08 10:55:00,-0.0
2024-08-08 11:00:00,0.0
2024-08-08 11:05:00,0.0
2024-08-08 11:10:00,-0.0
2024-08-08 11:15:00,-0.0002
2024-08-08 11:20:00,0.01117382289315103
2024-08-08 11:25:00,0.0
2024-08-08 11:30:00,-0.0
2024-08-08 11:35:00,0.0
2024-08-08 11:40:00,0.0
2024-08-08 11:45:00,-0.0002
2024-08-08 11:50:00,0.0007147354980951761
2024-08-08 11:55:00,0.0
2024-08-08 12:00:00,-0.0
2024-08-08 12:05:00,-0.0002
2024-08-08 12:10:00,0.03392931635207439
2024-08-08 12:15:00,-0.0002
2024-08-08 12:20:00,0.012229155802728741
2024-08-08 12:25:00,0.0
2024-08-08 12:30:00,-0.0002
2024-08-08 12:35:00,0.030389373058194204
2024-08-08 12:40:00,0.0
2024-08-08 12:45:00,-0.0002
2024-08-08 12:50:00,0.009954437331667098
2024-08-08 12:55:00,-0.0
2024-08-08 13:00:00,-0.0
2024-08-08 13:05:00,0.0
2024-08-08 13:10:00,-0.0
2024-08-08 13:15:00,0.0
2024-08-08 13:20:00,-0.0
2024-08-08 13:25:00,0.0
2024-08-08 13:30:00,-0.0
2024-08-08 13:35:00,0.0
2024-08-08 13:40:00,0.0
2024-08-08 13:45:00,-0.0
2024-08-08 13:50:00,-0.0
2024-08-08 13:55:00,0.0
2024-08-08 14:00:00,0.0
2024-08-08 14:05:00,-0.0002
2024-08-08 14:10:00,0.015068127733300884
2024-08-08 14:15:00,-0.0
2024-08-08 14:20:00,-0.0
2024-08-08 14:25:00,0.0
2024-08-08 14:30:00,0.0
2024-08-08 14:35:00,-0.0
2024-08-08 14:40:00,-0.0
2024-08-08 14:45:00,-0.0
2024-08-08 14:50:00,0.0
2024-08-08 14:55:00,-0.0002
2024-08-08 15:00:00,0.015191718109496022
2024-08-08 15:05:00,0.0
2024-08-08 15:10:00,-0.0
2024-08-08 15:15:00,0.0
2024-08-08 15:20:00,-0.0
2024-08-08 15:25:00,-0.0002
2024-08-09 09:15:00,0.04915047409813407
2024-08-09 09:20:00,0.009847574621303345
2024-08-09 09:25:00,-0.0
2024-08-09 09:30:00,0.0
2024-08-09 09:35:00,-0.0
2024-08-09 09:40:00,-0.0002
2024-08-09 09:45:00,-0.009315124989061063
2024-08-09 09:50:00,0.004655734327110528
2024-08-09 09:55:00,0.01430948645116945
2024-08-09 10:00:00,0.0
2024-08-09 10:05:00,0.0
2024-08-09 10:10:00,-0.0
2024-08-09 10:15:00,0.0
2024-08-09 10:20:00,0.0
2024-08-09 10:25:00,-0.0
2024-08-09 10:30:00,0.0
2024-08-09 10:35:00,0.0
2024-08-09 10:40:00,-0.0
2024-08-09 10:45:00,0.0
2024-08-09 10:50:00,-0.0
2024-08-09 10:55:00,0.0
2024-08-09 11:00:00,0.0
2024-08-09 11:05:00,-0.0
2024-08-09 11:10:00,0.0
2024-08-09 11:15:00,-0.0
2024-08-09 11:20:00,-0.0
2024-08-09 11:25:00,-0.0
2024-08-09 11:30:00,0.0
2024-08-09 11:35:00,-0.0
2024-08-09 11:40:00,0.0
2024-08-09 11:45:00,-0.0
2024-08-09 11:50:00,-0.0002
2024-08-09 11:55:00,0.01294877787049129
2024-08-09 12:00:00,0.0
2024-08-09 12:05:00,-0.0
2024-08-09 12:10:00,-0.0
2024-08-09 12:15:00,-0.0
2024-08-09 12:20:00,0.0
2024-08-09 12:25:00,0.0
2024-08-09 12:30:00,-0.0
2024-08-09 12:35:00,-0.0
2024-08-09 12:40:00,-0.0
2024-08-09 12:45:00,-0.0002
2024-08-09 12:50:00,0.012743121200061136
2024-08-09 12:55:00,-0.0
2024-08-09 13:00:00,-0.0
2024-08-09 13:05:00,0.0
2024-08-09 13:10:00,0.0
2024-08-09 13:15:00,-0.0
2024-08-09 13:20:00,0.0
2024-08-09 13:25:00,-0.0
2024-08-09 13:30:00,-0.0
2024-08-09 13:35:00,0.0
2024-08-09 13:40:00,-0.0002
2024-08-09 13:45:00,0.02699849843379474
2024-08-09 13:50:00,-0.0
2024-08-09 13:55:00,0.0
2024-08-09 14:00:00,0.0
2024-08-09 14:05:00,0.0
2024-08-09 14:10:00,-0.0
2024-08-09 14:15:00,0.0
2024-08-09 14:20:00,-0.0
2024-08-09 14:25:00,0.0
2024-08-09 14:30:00,-0.0002
2024-08-09 14:35:00,0.047378009503754905
2024-08-09 14:40:00,0.0
2024-08-09 14:45:00,0.0
2024-08-09 14:50:00,0.0
2024-08-09 14:55:00,-0.0
2024-08-09 15:00:00,-0.0002
2024-08-09 15:05:00,0.01768895759051301
2024-08-09 15:10:00,-0.0
2024-08-09 15:15:00,0.0
2024-08-09 15:20:00,-0.0
2024-08-09 15:25:00,-0.0
